id,problem_number,Predicted Value,True Label,Predicted Label,latency_0,rrot_0,ptm_0,rlt_0,acc_0,latency_1,rrot_1,ptm_1,rlt_1,acc_1,latency_2,rrot_2,ptm_2,rlt_2,acc_2
0,0,0.05739184,0,0,3.4623050689697266,1.444124622,0.9570156107005356,0.43799722144137654,1,5.2500388622283936,1.714273025,0.5428036010376375,0.067591881,1,6.237606525421143,0.48095371,0.8386149364676894,0.020900645057944794,1
0,1,0.04248345,0,0,2.8995676040649414,1.034637025,0.7193555332468805,0.14768408896598054,1,4.036050796508789,0.991067804,0.6233494390554128,0.1327758313802065,0,7.213208436965942,0.415903689,0.6333478423534862,0.700973782,1
0,2,0.17014968,0,0,3.771038293838501,1.856252696,0.9647051333207376,0.15725642483376176,1,3.035670757293701,1.976498929,0.807538167,0.3611425901140874,1,6.214584112167358,0.482735441,0.7059329990234635,0.6818718555428599,1
0,3,0.8411547,0,1,6.253962755203247,1.43908756,0.7380664357447253,0.00427409,1,2.524774074554444,1.584300172,0.502104332,0.042447362,1,7.769410848617554,0.772259328,0.7307812793841367,0.5848667406759812,1
0,4,0.05324774,0,0,6.091303825378418,2.626695443,0.7342697275079187,0.031763315,1,2.7176835536956787,1.471841707,0.4967833720757233,0.226740895,1,9.104779005,0.439329719,0.5386369067578539,0.5539892837809711,1
0,5,0.2376893,0,0,5.033094644546509,1.986849186,0.7334016665072445,0.2052097313764923,1,2.483195304870605,1.610827788,0.4686783990386416,0.10790532643723194,1,7.869686126708984,0.635349354,0.7058184927040255,0.6573451490596947,1
0,6,0.06254308,0,0,5.622323513031006,1.422899266,0.6622297687757139,0.15517427945659593,1,5.8371522426605225,0.685265663,0.593458909,0.3981975976238237,0,6.985254526138306,0.286317412,0.7259649567519769,0.8043586642354773,1
0,7,0.041571703,0,0,4.436336994171143,0.676233569,0.44732850606227603,0.1601997325563357,1,5.099336385726929,1.37272764,0.4162894618845986,0.001268793,0,6.597546815872192,0.15157149,0.8040215777243036,0.8339387583790642,1
0,8,0.07482943,0,0,6.086959600448608,1.642856312,0.8852021951321543,0.21225539264342672,1,4.617192745,0.866327273,0.7167385427940773,0.21457193897754603,1,8.646570682525635,0.231305575,0.6665706222262313,0.6637891726942493,1
0,9,0.05715109,0,0,3.041851521,0,0.998280153,0,1,8.365723848342896,1.43442459,0.5534631651669119,0.016824605084145277,0,9.537439823150637,0.314549822,0.6212023467361978,0.756399006,0
0,10,0.037252057,0,0,4.699534655,0.425574051,0.9051768552913997,0.5354998281649197,1,8.302293062210083,0.843140557,0.4757516953932117,0.24316173674713978,0,7.951311111450195,0.251530845,0.7209704059690875,0.033130385203068755,1
0,11,0.04909173,0,0,5.7774927616119385,2.250110997,0.7889841126699594,0.15320313439262762,1,8.541347742080688,1.053697879,0.6381100693421418,0.069157704,0,7.866468906402588,0.635609199,0.5904669624060328,0.5143527608299696,1
0,12,0.05744822,0,0,3.381175994873047,0.591510174,0.9968040720448158,0.2278112707460793,1,3.511691808700561,0.85428909,0.6270567350355699,0.3975975330587188,1,7.276014804840088,0.549751493,0.49995775126408454,0.6179330472238318,1
0,13,0.060789373,0,0,3.3845551013946533,0.295459808,0.7574762186466231,0.8163022663939196,1,7.869652032852173,0.762422528,0.6115721482836699,0.091316617,1,7.765211105,0.386338499,0.8088975193042617,0.7523195339768419,1
0,14,0.12790221,0,0,4.115408420562744,1.457935492,0.8772786637465013,9.840027006227896,1,4.544337034225464,1.540378706,0.5846529383730374,0.12421173776129227,1,12.55910062789917,0.636988287,0.5505712713716655,3.649114005679771,1
0,15,0.0851077,0,0,5.9004762172698975,2.372689845,0.8805526551903226,0.071519651,1,3.6362791061401367,1.375031964,0.45789664417702114,0.024706574324519736,1,11.521741151809692,0.954716814,0.6409309064207596,0.039391615731397545,1
0,16,0.23159553,0,0,5.118059873580933,1.367705766,0.6283279366488091,0.1973658036366256,1,4.672015428543091,0.856161556,0.5591633931812878,0.16486889047351944,1,7.788580417633057,0.770358612,0.67643007,0.033163938245022624,1
0,17,0.27643925,0,0,7.142236232757568,0.700060854,0.9039255759138236,0.070143297,1,3.326472520828247,0.90185624,0.3471845905122738,0.3210578152452475,1,10.704524755477903,0.280255319,0.6963971003180224,0.7402551893713919,1
0,18,0.18650812,0,0,9.609942913,1.35276558,0.759380161,0.009323677,1,4.179368973,0.957082283,0.4696618108571472,0.5337743603242604,1,8.876841306686401,0.675916105,0.466094848,0.2608675676397906,1
0,19,0.7257502,0,1,9.063911199569702,0.88262118,0.5155710263566281,0.053777005232736264,1,5.239919424057007,0.572527888,0.47971539189597273,0.19366137489633012,0,7.390292167663574,1.353126476,0.547016262,0.001503324,1
3,0,0.57680416,1,1,10.059437036514282,1.689955406,0.7104622230923229,0.10787780629009718,0,2.9669909477233887,1.685209051,0.7000021357018996,0.23472939832664433,1,7.728307247161865,0.517577766,0.643962493,0.15768265430274794,1
3,1,0.6805317,1,1,3.014008045196533,1.990704706,0.7225229552661506,0.011124721461674706,1,2.416630506515503,1.241397885,0.8483713147170377,0.17754058754506902,0,8.627062320709229,1.043228815,0.450526478,0.071420604,0
3,2,0.8153341,1,1,3.1474432945251465,2.22402736,0.6277507853658542,0.20862647506414528,1,3.447744131088257,2.320357804,0.8530505420937758,0.33219402497247563,1,7.716041326522827,0.777600812,0.5736296389147753,0.065156468,0
3,3,0.20137697,1,0,7.935256958007812,1.3862185,0.6971330644075568,0.16462604889947952,1,3.137926816940308,1.593408735,0.4696094223967581,0.053325017,1,6.792314291000366,2.06115315,0.41712586882513936,0.11731200381060422,0
3,4,0.63701314,1,1,10.04829216003418,1.49279099,0.8806660733030367,0.053975341419555734,0,2.8140909671783447,1.066063619,0.8832159404212633,0,1,9.315805435180664,1.610166733,0.6092967526551385,0.000727795,1
3,5,0.37105957,1,0,6.970172882080078,1.578153108,0.7986186417721982,0.24113318685850516,1,2.8707165718078613,1.045035246,0.4691232890167416,0.067697383,1,6.758567571640015,0.44388104,0.5500189145998046,0.14903453865574492,0
3,6,0.6033192,1,1,4.6021387577056885,1.086451379,0.587926645,0.094606013,1,6.404001712799072,1.093066541,0.7698217803595677,0.3117332083146424,1,6.860393524169922,0.874585398,0.35836865499749376,0.11127058489026069,1
3,7,0.18408398,1,0,10.04548478126526,1.19456654,0.5567118085169447,0.10070793217516458,0,5.105161428451538,0.587640576,0.7583834623612686,0.7019366674747518,1,8.960204362869263,1.004441376,0.6012028054076809,0.14573886343335782,1
3,8,0.87053305,1,1,10.047146320343018,0.995307491,0.6164606150372443,0.1446749110311334,0,5.566321373,1.616866759,0.8302467087990867,0.051721771,1,6.809735536575317,1.468485809,0.41024353809794933,0.1641913983277408,1
3,9,0.7367104,1,1,9.657105922698976,1.65681107,0.5680459595135373,0.0520394,1,10.032883882522585,1.794100302,0.8385425465380815,0.029370418660607772,0,13.065040826797484,0.841941495,0.35434868221318083,0.007680037,0
3,10,0.6651892,1,1,4.795142174,2.085443901,0.7459841377787315,0.012752489452475677,1,7.417494297027588,1.078531331,0.8994088479017728,0.018049221832520005,1,8.947761058807373,1.45287742,0.40048454316517396,0.14899034420150367,0
3,11,0.93337375,1,1,6.640768766403198,1.656434727,0.5388065939138862,0.076602577,1,9.832666635513306,1.118719917,0.7343592809212728,0.10700962811211785,0,8.193003893,1.586719617,0.3736382943361843,0.057213448,1
3,12,0.111455485,1,0,5.615386486053467,2.315067722,0.8530365651369326,0.00713397,1,9.674965858459473,0.826876303,0.5587937031626021,0.064366119,0,7.369334697723389,1.08557968,0.6417309287667862,0.001755925,1
3,13,0.79207736,1,1,10.048947095870972,1.094642045,0.5297858521071638,0.1033660531896105,0,5.470659971237183,1.279553114,0.7895573884482643,0.15792427322139727,1,8.473028659820557,0.82615087,0.43625722848330645,0.041102186,1
3,14,0.10356713,1,0,4.663106918334961,0.857797188,0.6969280475306776,0.044558275,1,9.546555995941162,0.837998541,0.6307939745600181,0.014692209425598835,1,7.146326065063477,0.559728169,0.30586205836639463,0.1467985074368274,1
3,15,0.7532785,1,1,5.610283851623535,1.604196907,0.5504801685106946,0.095517449,1,6.525695801,1.225922912,0.7740017546324046,0.09554077,1,6.802744388580322,1.028996476,0.3671327125282182,0.19501835203724266,1
3,16,0.77446216,1,1,10.05630898475647,1.392160883,0.5314683556463466,0.080602138,0,6.634832620620728,0.904318216,0.5992087860139031,0.19988145531839926,0,7.518904447555542,0.930986695,0.4524754934370047,0.15502125450850082,1
3,17,0.5192614,1,1,8.027637481689453,1.370266162,0.5095795630133891,0.017468402171738506,1,5.323322772979736,1.69067336,0.623614262,0.061491669,1,11.74283504486084,1.021899733,0.20239064850129526,0.075886274,1
3,18,0.7527911,1,1,10.035231351852415,1.395084927,0.5408345667101327,0.052099447,0,6.576472997665405,1.520571894,0.8850655970246487,0.457302874,1,8.51252532,0.822317672,0.3376671307196388,0.12905336063013026,0
3,19,0.29729936,1,0,10.00152874,0.699893005,0.5224311338664805,0.1299611323224571,0,6.854269266,1.604839199,0.8062041022081772,0.16113898609964272,0,7.361805915832519,0.679181176,0.660585195,0.062836484,1
8,0,0.16878541,0,0,7.9598634243011475,1.507563555,0.6780455533353809,0.2957186417072641,1,2.693864822387696,0,0.9981347162101796,0,1,7.186433553695679,0.139151081,0.22145059689180924,0.038745227,0
8,1,0.078263626,0,0,2.3323678970336914,1.714995308,0.3101740514100052,0.36759209431964235,1,2.596773386001587,0,0.9982734781458973,0,1,6.163417339324951,0.811238267,0.1678127478728594,0.6377208914481352,0
8,2,0.13678741,0,0,4.110699415206909,1.216338023,0.4660301828234505,0.32280638061175093,1,2.4001994132995605,0,0.9985253669834976,0,1,7.841230630874634,0.892717015,0.47752453361852853,0.5693277254746193,0
8,3,0.13336116,0,0,3.2525627613067627,2.767048835,0.9080870122273025,0.18598257570744348,1,2.399535179138184,0,0.9989809779990424,0,1,6.327436685562134,0.158041882,0.704187212,0.8285614318306131,1
8,4,0.1855917,0,0,2.6099517345428467,2.298893087,0.4568130453205493,0.10004399565569808,1,2.3836679458618164,0,0.9975928082309458,0,1,6.669034719467163,0.449840213,0.2874838834469885,0.6394508619888719,1
8,5,0.19882166,0,0,2.9950380325317383,1.669427882,0.5859491535407564,0.04175573,1,2.404625654220581,0,0.9972487799901261,0,1,8.447921752929688,3.551169255,0.29552593797539123,0.6081472047504923,1
8,6,0.10172202,0,0,3.012920379638672,1.991423351,0.6247061863047394,0.1044667499785549,1,7.274008750915527,0,0.9991904393974128,0,1,6.277598142623901,0.318593187,0.021857085605582714,0.00213776,1
8,7,0.055491805,0,0,5.371075391769409,2.234189455,0.7024459209395961,0.012386718700387092,1,4.166472434997559,0,0.9991569763028842,0,1,6.388810873031616,0.313047301,0.633509127,0.6349992323504235,1
8,8,0.063395426,0,0,3.743699073791504,2.136923893,0.6194167731684849,0.17770659096466865,1,2.519566297531128,0,0.9977828336832238,0,1,6.2882184982299805,0.636110212,0.7835478365445566,0.3128326410021962,1
8,9,0.033333573,0,0,3.989525079727173,2.255907613,0.6961755959646903,0.13600616342615635,0,7.662329435348511,0,0.9596024370975156,0,0,7.656925201416016,0.261201455,0.6417001434333759,0.7318394593909422,1
8,10,0.18449308,0,0,5.9432806968688965,1.346057911,0.4734186627735962,0.30322141792164814,1,10.15708852,0,0.927929296,0,0,10.243618726730348,0.780974011,0.2642054602188531,0.3635668311523739,1
8,11,0.11700869,0,0,4.526468039,1.546459611,0.5251357084007394,0.1583287441531335,1,6.237618446350098,0,0.9987449622929268,0,1,8.060800313949585,0.744342964,0.5893335419528613,0.5204880206161243,1
8,12,0.18928698,0,0,8.123138189315796,2.092787246,0.7287873063373163,0.082463204,1,4.3595967292785645,2.064411128,0.9304943213578666,0.8659677108765544,1,6.258186579,0.319581395,0.20416617240971993,0.012172855352023847,1
8,13,0.15988982,0,0,5.480040788650513,1.094882362,0.6135775498189917,0.10388243846196953,1,4.014842510223389,0.249075773,0.9736969731786752,0.00831664,1,12.759743690490724,0.940457762,0.5528096936041303,0.42300692952126856,0
8,14,0.03797376,0,0,10.111215591430664,1.384601077,0.7158308449202903,0.015905110374750748,0,6.623510360717773,0,0.9170409147409598,0,1,7.303041934967041,0.273858485,0.4818950830816793,0.00760505,1
8,15,0.06443995,0,0,3.658808469772339,2.459817199,0.5912662600046882,0.18159737124630118,1,5.753036737442017,0,0.9989750217660052,0,1,7.2108988761901855,0.138678966,0.6450804649833667,0.7544399239818721,1
8,16,0.038076643,0,0,4.705747365951538,1.700048765,0.5553506800895498,0.2944399459308831,1,10.117855310440063,0,0.9993432095801519,0,0,7.016662836074829,0.285035785,0.7224360238499988,0.7232882808475821,1
8,17,0.09245604,0,0,2.703855037689209,2.588896188,0.4592110089853801,0.2652139223437225,1,7.698906421661377,0,0.9999134394384108,0,1,8.362888097763062,0.239151831,0.5246907466298445,0.685969958,1
8,18,0.08550913,0,0,5.124052525,2.146738338,0.6568141102842783,0.24867621748338828,1,4.225389719009399,0,0.9957708708102921,0,1,7.979545116,1.879806403,0.7842477119529526,0.6514005402755942,1
8,19,0.5565772,0,1,8.394901514053345,1.429439045,0.6435620466727391,0.14840555281160428,0,5.768239974975586,0.866815532,0.8438449199599427,0.8775449741986846,1,7.157629013061523,0.977977482,0.9041304024273592,0.090321809,1
11,0,0.07482427,0,0,2.876497268676758,2.085870223,0.647179478,0.4386724137537445,1,3.4663755893707275,1.442428805,0.717948744,0.4368482182461363,1,6.2563886642456055,0.319673234,0.7056163286668663,0.8100327955909398,0
11,1,0.07519094,0,0,2.4901907444000244,2.007878317,0.5010820969496345,0.3326411849654827,1,2.5038065910339355,1.198175614,0.29230692283800314,0.2889160858469018,1,6.900289058685303,0.724607326,0.558836009,0.040015715,0
11,2,0.1799378,0,0,2.6783435344696045,1.866825497,0.7102150920955348,0.16756999026660113,1,2.4420385360717773,0.818987895,0.5255772916928738,0.5635291907446587,1,5.963912249,0.33535034,0.5703336766543846,0.003316615,1
11,3,0.06387465,0,0,3.656130790710449,1.641079147,0.9984735801209765,0.1737355790493563,1,2.430399179458618,0.411455043,0.4278432978406585,0.49445375482104253,1,6.483529567718506,1.233895815,0.6552727115100894,0.29391089839079976,1
11,4,0.08890549,0,0,3.4855873584747314,1.721374157,0.8386936545718076,0.28825844733583317,1,2.4244251251220703,0.412468915,0.4174144169323874,0.4192292801529987,1,7.226387977600098,1.107053763,0.5975308845000503,0.021107363798472292,1
11,5,0.044611223,0,0,10.083338022232056,1.090908584,0.6685315899498612,0.080619136,0,2.569227933883667,1.167665959,0.28726917930074725,0.2399826001739201,1,8.905117988586426,0.786064824,0.5844010159863708,0.06433716,0
11,6,0.037342243,0,0,2.651092290878296,1.886015065,0.5596297062562574,0.003485356,1,4.154470443725586,2.647750212,0.6865399666773225,0.2125710152379004,1,8.935761451721191,0.671459286,0.5772882398303916,0.027887942324501667,1
11,7,0.0357284,0,0,4.327625513076782,1.386441591,0.820519241,0.14639205681673284,1,2.556184292,1.9560405,0.7080749247150302,0.3460313885937887,1,9.171139717,0.872301616,0.7892257912602044,0.5082389041899785,1
11,8,0.029493354,0,0,2.6625189781188965,1.877920887,0.8017557874890402,15.481271810172007,1,5.237719297409058,1.336459555,0.5010615978037612,0.1243613800217444,1,7.266430616378784,1.238572344,0.7769715694059475,0.31957093139444837,1
11,9,0.06761642,0,0,4.276655197143555,1.636793166,0.6385200288813491,0.10929803279825927,0,10.092615842819214,0.594494043,0.7595424337349567,0.24330956792969574,0,8.142484664916992,0.736875812,0.5963204353273817,0.03289168,0
11,10,0.08089146,0,0,10.117870569229126,1.186020311,0.7983675957032711,0.014558399318219985,0,4.793153285980225,1.043154621,0.7576807548860134,0.064529545,1,9.512079954,0.630776868,0.42033288400372854,0.4671796306819799,0
11,11,0.015070081,0,0,5.130722522735596,1.754138907,0.4647064793403992,0.094550036,1,9.321440935134888,0.643677307,0.7844795725138567,0.18881951966994226,0,6.990997791290283,0.572164392,0.6009742994381329,0.6507311453691861,1
11,12,0.0498189,0,0,8.283896923065186,1.569309725,0.7386064863940727,0.022197282,1,10.09558129310608,0.693372655,0.7192889432696915,0.11510778490810615,0,8.121361971,0.492528225,0.6753251510827989,0.6344563902539215,1
11,13,0.09732203,0,0,6.740398406982422,1.631951012,0.6457466958482213,0.1236336414675643,1,6.484114646911621,0.925338358,0.6800604616230752,0.05992337,0,6.684300184249878,0.299208585,0.7576993642405683,0.7591056445894843,0
11,14,0.04403301,0,0,5.159039974212647,2.907517692,0.9743556989531402,0.045306879024852885,1,4.483179330825806,1.338335935,0.6162055532795258,0.2397673438151557,1,7.205909490585327,0.55509995,0.8592294988003643,0.638480126,1
11,15,0.059723925,0,0,4.986190081,2.607201047,0.5971152226131113,0.10476736577417717,0,5.533274889,0.722899202,0.6055618177717488,0.4842249940150265,1,6.543361663818359,0.305653287,0.7114126100883384,0.8052405278357737,1
11,16,0.10408343,0,0,10.089491605758669,1.288469282,0.5631126147863527,0.13279063528171006,0,2.8401122093200684,1.056296294,0.6104864428594899,0.5676606701329601,1,9.308629751205444,0.537135984,0.5374507455680588,0.5116950751401025,1
11,17,0.08202017,0,0,3.868358850479126,1.809552906,0.5731060859885918,0.09831818,1,2.629694938659668,1.140816737,0.434160626,0.40548809838480404,1,7.589990615844727,0.790514811,0.6069440969270239,5.785995296004431,1
11,18,0.12397255,0,0,4.587165594100952,1.089997712,0.5474666105872878,0.1856004503308546,1,3.27488637,0.916062318,0.5560650949127671,0.014678371881556226,1,6.341056823730469,0.630809676,0.5947525948490264,0.04364099,1
11,19,0.051881015,0,0,6.022092104,1.328441987,0.5729935611139644,0.056095123449744336,1,7.223452568054199,0.692189774,0.5730168449201791,0.4118238435126618,1,6.460385084152222,0.619158138,0.758567784,0.14582412468018777,1
16,0,0.123788714,0,0,4.651530981063843,1.28989789,0.4249590098475489,0.00101042,1,4.552482367,1.757283028,0.6210941135739381,0.001489297,1,6.609634876251221,0.453882863,0.5584151120486882,0.6050016490855946,1
16,1,0.05788589,0,0,3.8948686122894287,1.026992281,0.8100016493591732,0.557107368,1,3.216632604598999,1.243536484,0.4435539197026627,0.1333755056132622,0,7.143032550811768,0.839979373,0.6039479687797923,0.4735817702000573,0
16,2,0.053744536,0,0,3.664096355438232,1.091674348,0.38216789739443147,0.22525335578967015,1,2.502170801,0.799305946,0.24075894407413392,0.24358848712812092,1,5.786843776702881,0.172805771,0.7222849209853224,0.7477132901762686,1
16,3,0.26873007,0,0,3.5676279067993164,1.681789737,0.49936822071823134,0.046809814,1,2.441807985305786,0.819065222,0.21953814682721504,0.22229020597572338,1,6.607858657836914,1.210679649,0.5205937623849314,0.055771471378240914,0
16,4,0.27551672,0,0,3.850498199,1.038826612,0.4052514555680099,0.078223644,1,2.476496696472168,1.615184872,0.2569557233497318,0.2597419172572058,1,5.964585542678833,1.005937455,0.6178233128940822,0.13361028931179014,0
16,5,0.052737325,0,0,3.092256784439087,2.263718859,0.7298164923924432,0.14307349966310426,1,2.454702854156494,0.814762568,0.25916375130101216,0.002733528,1,8.482491970062256,0.707339308,0.45505377589751694,0.4204719571302124,1
16,6,0.036154453,0,0,3.9009408950805664,1.281742055,0.17506545686278716,0.096115273,0,7.606460809707642,1.05173749,0.7141876012954884,0.5107749973604616,1,7.644542455673218,0.392436829,0.48178815427837385,0.5285195318662995,1
16,7,0.05347994,0,0,4.775108814239502,1.047096557,0.3955993619278895,0.2889672369104516,1,3.557529926300049,1.405469554,0.6308309547575592,0.082782157,0,6.6635026931762695,0.45021367,0.6814749252876379,0.7130394056647663,1
16,8,0.18084653,0,0,2.795301675796509,1.788715702,0.5821768770343287,0.28746450050096417,1,3.720127582550049,1.612847911,0.62283079,0.10975967649685622,1,9.984137535095217,0.801271013,0.5822946628699848,0.007359674,1
16,9,0.031995587,0,0,6.624082803726196,1.509642964,0.2910682213877318,0.1517010022018246,1,7.508653163909912,1.065437413,0.7877231603180767,0.3603908638388707,0,8.497725486755371,0.353035645,0.6456445325950254,0.12530647190936414,1
16,10,0.059485164,0,0,5.475841283798218,1.460962724,0.7154827535993171,0.13195963187031848,1,9.076689958572388,1.10172321,0.7866931703747269,0.013347376691801499,1,8.706822633743286,0.918819682,0.5635787251462722,0.20303847618624102,0
16,11,0.04269327,0,0,3.188250780105591,0.940954839,0.2750348264533701,0.46842927454321487,1,7.856818914413452,1.654613673,0.5480169578686278,0.055419376,0,8.328261613845825,0.960584618,0.5822559646730412,0.36753288284212315,1
16,12,0.07393026,0,0,3.913714647293091,1.02204692,0.6093494837841686,0.17627243224489075,1,10.069077014923096,0.397255875,0.7757016843173605,0.6884633010273192,0,8.574098825454712,0.466521331,0.14231466475947863,0.4452502913371322,0
16,13,0.05595705,0,0,4.217675685882568,0.711292243,0.43380765527154147,0.3160318856302174,0,5.454411506652832,0.366675671,0.6766174491048074,0.012186465929382908,1,7.895734548568726,0.506602644,0.4953864616313947,0.00759904,0
16,14,0.11239158,0,0,5.392475605010986,1.483548668,0.27445279467885425,0.022297736,1,2.675224542617798,0.747600797,0.37311634373295216,0.37555726,1,6.471920013427734,0.61805461,0.3096206374356916,0.00560112,1
16,15,0.28067723,0,0,3.794811248779297,0.790553154,0.5945855675215588,0.18884206697302344,0,5.077590465545654,0.787775231,0.4168945909205305,0.3206461826801927,1,6.835767507553101,0.585157409,0.24315630953957254,0.12342286350092603,1
16,16,0.3140314,0,0,9.118916034698486,0.986959411,0.4767759658563383,0.11093752767809656,0,4.190576791763306,1.431783809,0.49553799,0.27342536766501335,1,7.602292776107788,0.920774851,0.4132687456957881,0.3921053934364752,0
16,17,0.040283445,0,0,8.895756006240845,1.124131551,0.5166373714434154,0.000755416,1,3.209580659866333,0.311567182,0.5948004435211534,0.6387096064084893,1,9.213068962097168,0.542707324,0.22518989150563112,0.007287474,1
16,18,0.40238157,0,0,7.076255083084106,1.413176869,0.7089074575663615,0.13346466300527643,1,3.219831705093384,0.931725716,0.5138187804571271,0.4037074353795795,1,12.204372882843018,0.983254127,0.3883845606386098,0.04000861,0
16,19,0.5964721,0,1,4.137630701065064,0.241684208,0.43064017277664834,0.5697511862061554,1,6.489341735839844,0.770494174,0.7989177039940231,0.071275334,1,11.003712892532349,0.999662578,0.26217514289766647,0.065817784,0
4,0,0.98973256,1,1,10.054373741149902,0.994592031,0.8800020993664565,0.049350662,0,5.302266359329224,0.565795793,0.8085089864373315,0.48247859059797044,1,7.155508279800415,1.956534666,0.6206113984284496,0.035518092,0
4,1,0.83122176,1,1,3.6760153770446777,1.08813473,0.812181042,0.5137002450514032,1,7.199174404144287,1.389048166,0.822356796,0.23065422599694357,1,7.439705848693848,1.47855308,0.9849932442270382,0.43938027477053315,0
4,2,0.9947248,1,1,6.557871341705322,1.219908044,0.6444103245937634,0.21004376698000662,1,2.6308767795562744,3.801014201,0.7025984699789977,0.5142202061716634,1,6.049083232879639,0.991885839,0.7483861315424916,0.074282331,0
4,3,0.9995266,1,1,6.143938302993774,1.953144613,0.897116756,0.072002676,1,4.030366421,1.984931186,0.6648899182435211,0.001649974,1,7.2407379150390625,1.657289649,0.8631123061413535,0.26354634325623916,0
4,4,0.9755573,1,1,5.492252588272095,1.820746559,0.8196199879110936,0.21721324371678105,1,3.1551523208618164,1.584709545,0.723819254,0.8554769233077932,1,8.029463768005371,0.996330544,0.7500376331460984,0.040089850241740256,0
4,5,0.8087892,1,1,8.117119073867798,1.478357024,0.7360357715089298,0.11062422416285299,1,3.115922451019287,1.283728996,0.42555295288213396,0.019040910331296373,1,6.785547018051148,0.147372054,0.4727533375696827,0.6495659065174424,0
4,6,0.37282827,1,0,3.592026710510254,1.948760564,0.4996816963335953,0.009278884,1,10.064111948013306,1.291718541,0.8399827072347678,0.011328371604793235,0,6.704977035522461,0.447428825,0.6282497281754215,0.6363705613576268,0
4,7,0.9729861,1,1,10.046727895736694,1.393488521,0.7427094749083861,0.084031339,0,5.859701156616211,1.023943003,0.6642232932996989,0.067465898,0,11.345980405807495,1.498327989,0.48123474611795286,0.075543934,1
4,8,0.5454556,1,1,4.937236309051514,1.417797238,0.6715882717510399,0.2645143797596945,1,8.325716018676758,1.321207687,0.7972659630864638,0.14402244771382883,1,6.126016378,0.979429311,0.5926167636094962,0.1760311976645545,0
4,9,0.8737049,1,1,7.017336368560791,1.852554775,0.6500358199153579,0.022874776350193634,1,10.055840253829956,1.392225776,0.39036717975538704,0.021327904,0,7.2552971839904785,1.102642634,0.5540806803746046,0.4044810192584431,0
4,10,0.91734517,1,1,4.091240406036377,0.977698596,0.42270798787606084,0.18029739805030928,1,8.600128412246704,1.511605336,0.5779378820545182,0.000773244,1,7.801591157913208,1.281789804,0.31757624180291116,0.030910361118129226,0
4,11,0.8880385,1,1,3.372161626815796,1.186182764,0.5145038085364496,0.35158753677694454,1,5.501606702804565,1.817650832,0.5468820587388793,0.220282922,1,7.696981668,1.039368462,0.37685421700930716,0.002560744,0
4,12,0.19635534,1,0,10.060667753219604,1.789145655,0.8409252951726837,0.11126995021181157,0,4.283853769302368,1.400608033,0.6396670259031694,0.11428027807470556,0,6.769262313842773,0.590906337,0.43128776293349513,0.397718374,0
4,13,0.5493115,1,1,5.069225311279297,1.183612807,0.56068725,0.17589078118392845,1,6.523374080657959,1.686243938,0.7056133747785561,0.12946367777605283,0,6.140254020690918,1.791456829,0.35999487847315925,0.075267244,0
4,14,0.46235278,1,0,8.110570907592773,1.726142359,0.6368577574705759,0.18255065110223856,1,5.0676352977752686,0.98665348,0.29506859,0.4321779037602269,1,7.9646618366241455,1.88331913,0.47859910165495684,0.13202318209831979,0
4,15,0.9760895,1,1,5.866278171539307,1.704658338,0.6235316316485621,0.2900288650232128,1,7.019087553024292,0.997280622,0.9581929202595283,0.000983034,1,8.591584205627441,1.396715636,0.3430612945699169,0.12319963055062229,0
4,16,0.27571353,1,0,9.987757682800291,0.700858013,0.444095676,0.002022476,0,6.871376514434815,0.72765624,0.6664283335930745,0.3118210733286558,1,7.338288068771362,0.27254313,0.33143833782864596,0.038350907,0
4,17,0.94773966,1,1,5.069508790969849,1.380804391,0.5209124017445181,0.064730137,1,6.276704549789429,1.274554177,0.6199208468644759,0.024047651,1,6.4571919441223145,1.238928635,0.33806026193911193,0.001115036,1
4,18,0.12968287,1,0,10.066846132278442,1.688711616,0.6993501149725624,0.085824298,0,3.760885715484619,1.063579248,0.7765883414053859,0.012481102471928842,0,6.546143531799316,1.527616978,0.38251070845408136,0.001081553,0
4,19,0.57179165,1,1,7.662048816680908,0.130513395,0.12852567551724617,0.044584681,0,5.227834224700928,1.912838007,0.8661368753055594,0.001249083,0,8.271427869796753,0.967184883,0.268139919,0.082637485,0
7,0,0.09985557,0,0,6.826039314,1.025484864,0.6952010941504322,0.11675877669496966,1,3.8287856578826895,1.305897077,0.7885424439456169,0.43292838725246696,1,6.168590307235718,0.648446371,0.7367064067567024,0.002136631,1
7,1,0.026531324,0,0,3.054194688796997,0.982255654,0.36235083639557875,0.16890540798875775,1,2.962825298309326,0.675031363,0.5628006487391164,0.029620376214880246,1,6.421752452850342,0.155720733,0.6718695607888238,0.6831421846609954,0
7,2,0.43711516,0,0,4.215039968490601,1.186228372,0.6470685973049748,0.162121832,1,2.565917491912842,1.558896579,0.9952424456577799,0.5034729308610242,1,6.017578601837158,0.664719194,0.6456317826596187,0.024484931524693686,1
7,3,0.13245232,0,0,4.548632621765137,1.099231443,0.5497762092356709,0.16381186654356833,1,2.4724481105804443,0.808914853,0.6342337350913089,0.6519611040935157,1,6.818909645080566,0.293302024,0.753377045,0.7544871933761442,1
7,4,0.097149014,0,0,3.430349826812744,1.166061831,0.48107921445348417,0.11600566125497096,1,2.443502902984619,0.818497084,0.9967452860480691,0.48713263182006195,1,7.4197587966918945,0.808651624,0.47245336352084566,0.12608900446013946,1
7,5,0.05347398,0,0,2.569132089614868,1.16770952,0.7082469629922904,0.478375559,1,2.468768358230591,0.810120558,0.5996755406680617,0.6886348791460116,1,7.260077714920044,0.413218717,0.45059572754453603,6.142190449056765,1
7,6,0.096540704,0,0,2.6074695587158203,1.534054343,0.7233027874442639,0.2359030416837402,0,4.481899023,0.892478831,0.832669362,0.5501998120236903,1,7.726182938,0.517720074,0.5231548401865008,0.10925317285656375,0
7,7,0.07937683,0,0,9.035650015,1.549418136,0.7855981571155045,0.080072823,1,3.644045114517212,1.097681251,0.8420532412628237,0.4739732757755689,1,7.512887716293335,0.266209223,0.6770419300900845,0.6487066204154599,1
7,8,0.07688902,0,0,5.554574728012085,2.160381413,0.6871849217795551,0.13115675558926868,1,3.157701253890991,0.63337214,0.6502673416213048,0.7550650958690475,1,7.9875147342681885,0.625976936,0.8284879865833602,0.7413444853619121,1
7,9,0.40415457,0,0,5.796750068664551,0.690041826,0.6237305312769814,0.26982015465034476,0,9.985960245132446,1.001405949,0.8246447810579088,0.37640746685721305,0,7.488863229751587,0.400594844,0.6072817543168713,0.078696857,1
7,10,0.17636399,0,0,2.810638666152954,1.423164083,0.7980570490977401,0.4336630014648201,1,6.176960706710815,1.295135323,0.8659792823657629,0.307954039,1,7.078590393066406,0.423813194,0.7450183874411036,0.33067318067922186,1
7,11,0.15196896,0,0,2.794085025787353,1.073696746,0.4025933318496807,0.5927700784743588,1,4.637167215,0.431297796,0.7991538428320264,0.6427609489964684,0,6.891788005828857,0.725501132,0.6826718982082232,0.6453695320039323,1
7,12,0.16083266,0,0,10.15408730506897,1.181790115,0.6885719799262796,0.098193956,0,7.882227420806885,1.268676919,0.8387185051978708,0.065432012,0,6.528126001358032,0.153183318,0.676253798,0.003982766,1
7,13,0.017060744,0,0,3.485114812850952,2.00854215,0.7146392970529516,0.06080431,1,7.388566970825195,0.270688485,0.6693192359909874,0.24988742841453634,0,8.666247129440308,0.461560805,0.6338441447543618,5.169232925265227,0
7,14,0.42909488,0,0,3.522005081176758,1.135716703,0.47649562147732105,0.009531502,1,5.5456390380859375,0.901609348,0.8132101582941729,0.3350867207971705,1,7.839285850524902,0.510250561,0.5896034521675385,0.5213689203235043,1
7,15,0.19683306,0,0,6.083756208,1.643721355,0.5193206124266276,0.002828844,1,6.054417848587036,1.156180524,0.6990630818432899,0.015202122203154596,1,6.604881286621094,0.605612702,0.5883693939932694,0.022325912244866186,1
7,16,0.15975386,0,0,2.655764579772949,1.506157598,0.3747922566562349,0.11357934445790542,1,4.637409448623657,1.293825802,0.9949541982699371,0.31487622910634155,1,8.715055227279663,0.917951727,0.6021946921907861,0.16287102754850577,1
7,17,0.19207236,0,0,10.153982877731323,1.575736358,0.4791577904520405,0.042136175,0,3.478952646255493,0.574885663,0.7579752494882903,0.5276932992989908,1,7.466021537780762,0.535760576,0.7080759107449285,0.6153531672467458,1
7,18,0.34074736,0,0,10.158345460891724,0.984412278,0.4913290278643777,4.049284419234122,0,6.608529806137085,1.210556695,0.8670400479522147,0.31311200232158765,1,6.650552034378052,0.751817289,0.6745620479040879,0.072556383,0
7,19,0.64107156,0,1,3.4831371307373047,2.870975108,0.7222655627897737,0.20898114908480414,1,6.793897390365601,1.030336433,0.7602646468201525,0.22437930872704698,0,7.306931495666504,0.136856354,0.5741384057728097,0.6034420881895153,1
15,0,0.98300624,1,1,8.011318683624268,1.872350932,0.6698947092189432,0.012548495946199776,0,2.775272846221924,1.080974796,0.699848306,0.7338882023016777,1,5.530657529830933,1.988913604,0.9495417084992401,0.18171618737949882,1
15,1,0.84366703,1,1,9.635984420776367,2.594441721,0.606044982,0.083539986,1,2.537673234939575,5.122802976,0.6309677613102141,0.10024537299948391,1,5.943791866,1.009456612,0.5678580401074448,0.063173477,0
15,2,0.97627133,1,1,5.96235466,2.012627676,0.5742496371337831,0.001075079,0,2.502515793,2.797185145,0.5429096607001999,0.002489495,1,5.689621925354004,1.054551617,0.7136326549026697,0.029392111143031245,1
15,3,0.6658863,1,1,3.984879970550537,1.756640113,0.6101865095015382,0.023421031672991643,1,2.812388659,2.844557055,0.7984244969761909,0.3088228923746874,1,5.907608270645142,2.70837186,0.43312113510776806,6.9999614235563445,1
15,4,0.73888266,1,1,3.945501327514648,2.787985375,0.29028757183309495,0.3276288341336609,1,2.470957994,1.618805341,0.737224188,0.018871223,1,6.107064723968506,0.65497914,0.4705648506928165,0.001178962,0
15,5,0.9972189,1,1,6.579606533050537,2.583741127,0.5051837041137246,0.005102129,1,2.3757107257843018,3.367413344,0.5187584442036224,0.033758319,1,5.763138055801392,1.214616053,0.5673402178348779,0.2951395547916062,0
15,6,0.30513087,1,0,4.001088857650757,2.499319649,0.2579247891622133,0.15401057609605745,0,4.554467439651489,2.63477567,0.4618586097884525,0.052987534,1,5.373446702957153,1.302702043,0.5084371635313599,0.021219155285455683,0
15,7,0.9956236,1,1,5.949150562286377,2.521368361,0.6259296955116136,0.12958824826252513,1,5.351639509,1.86858625,0.5517262504130916,0.00358208,0,5.700467109680176,2.455939089,0.7860285681452713,0.22317644773972148,0
15,8,0.9972591,1,1,5.287765502929688,1.702042194,0.2958527565500552,0.084816545,0,3.419020891189575,1.16992558,0.24289117453144043,0.043199502050998394,1,5.643475532531738,2.65793657,0.5871966629245782,0.065301958,0
15,9,0.9103806,1,1,10.056239128112791,2.287137339,0.3023376792514527,0.028611093702878388,0,4.862874984741211,2.262036354,0.35366938393246916,0.001279079,0,5.432499170303345,0.920386703,0.5894193260996291,0.004830189,0
15,10,0.7774361,1,1,10.042067527770996,1.095391957,0.2614182779335911,0.21012107259608018,0,3.128979206085205,1.917558285,0.542630643,0.11321583707396218,0,5.481869936,2.18903406,0.8882698890794354,0.1332957564728458,0
15,11,0.8925451,1,1,2.9223172664642334,4.106330321,0.4563159569570758,0.006768601,0,2.3986353874206543,1.25071114,0.4620960758935334,0.22911360470500067,1,5.988420486450195,1.669889418,0.895833887,0.011171560206340626,1
15,12,0.7708892,1,1,6.200007438659668,1.129030903,0.2876141710485652,0.040440274,0,4.578960180282593,1.528731355,0.6420824563340112,0.1199639172158624,1,5.434552431106567,0.736031173,0.45377425855009623,0.092498878,0
15,13,0.98142576,1,1,4.817334175109863,3.944090094,0.4492754542907498,0.094137127,0,3.306797981262207,0.604814691,0.4696688484811418,0.3543820961036537,0,5.523971796035767,0.724116659,0.6768046865709909,8.009964864728975,1
15,14,0.9857185,1,1,2.430690765,0.822811371,0.090595646,0.099181683,1,2.9451208114624023,1.018633935,0.25014253986194046,0.3911078946237232,0,5.739583492279053,0.696914681,0.687363466,0,0
15,15,0.4015167,1,0,3.5030338764190674,5.138403063,0.3708071476957937,0.00951461,0,2.805626869,1.425706335,0.10738063685639694,0.10020220546917516,0,6.211440324783325,0.643973022,0.4810542875383546,0.037614464242547954,1
15,16,0.5062642,1,1,2.403347015,1.248259191,0.2205882032902965,0.027836179939065713,1,2.352428674697876,1.700370363,0.21638488150166876,0.113797287,0,5.940511942,0.336671321,0.811881206,0.9562576517919549,0
15,17,0.32567966,1,0,5.020427942276001,4.780468971,0.6256677789484933,0.001362434,0,2.2762351036071777,2.635931583,0.22068019213110582,0.011905624306805064,1,5.595385074615479,0.357437419,0.7267221014700701,0.3160068478586488,1
15,18,0.89665335,1,1,4.047848463058472,1.235224106,0.2537990266622561,0.21197186797717837,1,2.643720388412476,3.782548277,0.580265601,0.002492699,1,5.562451601028442,1.438214761,0.8260476368269878,0.6851349500781173,0
15,19,0.9439725,1,1,4.827859878540039,4.142622301,0.30503370791156675,0.04290721,1,2.3589110374450684,4.239244228,0.3123602324600512,0.1619221725345347,0,5.428915500640869,2.394585069,0.5499183031334174,0.10705084651285765,0
1,0,0.14319535,0,0,4.064291477203369,0.984181381,0.7976470236331664,0.43340149442473247,1,2.630686521530152,0.76025782,0.9981158828732204,0.15275480248441003,1,6.386443853378296,0.156581663,0.7184170260247816,0.7772306645083547,1
1,1,0.12976016,0,0,3.5535097122192383,1.969883458,0.9820910262296255,0.5804796291761979,1,2.949065685272217,4.069085358,0.999347019,0.2982775203659131,1,7.790824890136719,0.770136678,0.4133362057826661,0.20467794135880252,1
1,2,0.10898292,0,0,10.085675477981567,1.288956801,0.6918396308929595,0.007310368,0,2.597670793533325,1.539841003,0.998067194,0.144125268,1,7.541714668273926,0.662979206,0.6499834872611203,0.038538981,1
1,3,0.3716428,0,0,5.685251951217651,1.231255899,0.8651577875816726,0.31128083947346946,1,2.5971453189849854,0.770076278,0.765794654,0.78403391,1,7.104076862335205,0.844585457,0.6742142705920503,0.050914427,1
1,4,0.04633278,0,0,3.6489241123199454,1.096213535,0.6865201694762503,0.42149958526525244,1,2.4942994117736816,0.801828357,0.7172595204634129,0.35716241434279666,1,7.615314245223999,0.131314345,0.7617256246067046,0.7793585148125827,1
1,5,0.16694388,0,0,2.486349105834961,3.217569078,0.8296542087199592,0.25596566407417176,1,2.485729694366455,0.804592714,0.6090927760329167,0.630599539,1,8.635835886001587,0.463186199,0.5553347774693975,0.6383504819653992,1
1,6,0.104121976,0,0,3.376516819000244,1.480815962,0.7581570408840724,0.001987255,1,9.524517536,1.889859505,0.9993745052026085,0.23688654,1,6.654192924499512,0.601124741,0.7446733294660816,0.7416466663926888,1
1,7,0.043735214,0,0,3.315420389175415,1.809725252,0.7372639705049044,0.044458917,1,3.2950284481048584,2.427900131,0.9981522320058229,0.040603595,0,7.114805221557617,0.281103971,0.6810741614277516,0.6820003990125192,1
1,8,0.11343584,0,0,5.211260557174683,1.918921514,0.7561241578264274,0.22387865415353062,1,4.976223468780518,1.607644844,0.9531887042015497,0.17088058952943078,1,7.236001491546631,0.276395742,0.702562044,0.703490734,1
1,9,0.34789255,0,0,4.5077126026153564,2.218420046,0.7160571856650495,0.22181538358001285,1,5.891716003417969,1.018379025,0.7183475913550511,0.5900759639405739,1,11.113081216812134,0.809856405,0.6983976674510101,0.5037333832785195,1
1,10,0.08708041,0,0,2.529930591583252,1.185803283,0.6806668948635536,0.55603897,1,9.151361942,1.857646994,0.6465562216124139,0.027077937,1,7.068699121,0.141468746,0.7419851814161673,0.7482536615434051,1
1,11,0.16603053,0,0,4.023999929428101,0.994035803,0.6160263527444201,0.33954771966729397,1,10.083165645599363,1.785153654,0.6085866498349798,0.12481596000854969,0,6.588866949081421,0.910626978,0.625816249,0.030513592330368024,1
1,12,0.2437438,0,0,5.401827335357666,1.295857784,0.7874020652537533,0.030971001036244825,1,6.526602506637573,2.604724278,0.8056902491949469,0.2445299829988104,1,7.095152616500855,0.281882591,0.5015353710281538,0.5978828404820973,1
1,13,0.438944,0,0,2.516207695007324,1.192270418,0.6525097285264624,0.4978921265134001,1,6.426165342330933,1.556137987,0.843282068,0.21163165395851208,1,7.503848552703857,0.666324749,0.7699675652343617,0.19234929781261031,1
1,14,0.43716457,0,0,7.850651979446411,1.401157513,0.7267014274637948,0.046289149,1,10.062257051467896,1.888244347,0.8268592183076146,0.036017764,0,6.9071266651153564,1.30300202,0.8122031449532573,0.4558060323245858,1
1,15,0.3050141,0,0,7.2782697677612305,1.37395292,0.8716178710648248,0.17117392453973732,1,3.705503225326538,1.079475514,0.9978077942900645,1.0448216516270932,1,11.514969825744627,0.78159128,0.7571778417088938,0.49966783127411396,1
1,16,0.40969282,0,0,5.577984333,1.434209837,0.6378612393923998,0.086421899,1,6.199508190155029,0.161303118,0.9929432805329284,0,1,13.077140092849731,0.99410115,0.6153019653237884,0.187710003,0
1,17,0.4015233,0,0,5.664897441864014,1.235679917,0.7117904677665089,0.24181726395813422,1,5.122257471084595,1.171358534,0.9977475808032542,0.14244110221264575,0,8.238865137,0.72825564,0.6676854042946292,0.039871996,1
1,18,0.7602065,0,1,4.039087533950806,0.990322682,0.8392142956851718,0.11457290690607268,1,5.279519319534302,1.515289464,0.9500846,0.3679785757766285,1,6.833822250366211,0.877985962,0.5385053730067655,0.082328744,1
1,19,0.48876396,0,0,9.833569526672363,1.627079562,0.7022760129213755,0.039364139,1,5.826675891876221,0.514873327,0.5312154060830655,0.617173508,1,10.035447120666504,1.295408151,0.4067621453131833,0.007335,1
5,0,0.21687196,0,0,5.875542402267456,1.361576422,0.6431116893237001,0.007012119,1,3.7960689067840576,1.053721652,0.7793746827703264,0.5659459964336729,1,8.737947463989258,0.457773409,0.7996923795695584,0.013893422966301961,1
5,1,0.111869596,0,0,6.490396499633789,0.924442752,0.530329696,0.20876690662583702,1,3.709061384,1.348049946,0.5487992214591522,0.2315815002828236,1,8.439661502838135,0.592440822,0.6021604063482249,0.5555720449736393,1
5,2,0.25215983,0,0,6.057047367095947,0.990581654,0.7887242265848494,0.16376791196724386,1,4.041760444641113,1.731918578,0.48887113104641466,0.016490339,1,6.285722494125366,0.318181403,0.6154869235168342,0.6747084370918935,1
5,3,0.618721,0,1,4.993404150009155,1.401849278,0.8143002003922548,0.19970144014735133,1,3.102978467941284,0.966813025,0.40105015644954695,0.31292837189831413,1,6.569650173187256,0.456645319,0.712468682,0.6862130982869704,1
5,4,0.037011717,0,0,3.186448097229004,1.255316226,0.5343567345330577,0.21462769174532006,1,2.937293529510498,1.702247307,0.5957865573930702,0.35802686705846715,1,8.375037908554077,0.358207334,0.6342741439520974,5.400453167357749,1
5,5,0.08292499,0,0,10.180866956710815,0.884011159,0.7018056547032079,0.1338333960944032,0,2.728884220123291,0.366450138,0.3608141352213252,0.4466550801218485,1,8.590502500534058,0.465630503,0.7401802164208168,0.003985797,1
5,6,0.052883383,0,0,5.802291870117188,1.378765526,0.586675072,0.090664174,1,4.856260776519775,1.441438243,0.8365119146009734,0.11600489058064795,1,6.538682938,0.305871996,0.7069650026019315,0.7082160190653989,1
5,7,0.11514163,0,0,4.108518600463867,0.973586927,0.46679842213236306,0.08968196,1,3.2821366786956787,0.304679572,0.6976705189836917,0.7449263206723716,1,6.643690109,1.053631323,0.7434813964478507,0.19881420991738816,1
5,8,0.13600922,0,0,4.901724815368652,1.224058923,0.6382284028236201,0.21844759556126647,1,4.2246010303497314,0.710126229,0.49821036,0.3884508828682885,1,8.776507616,0.56970269,0.6849296169932704,0.5701345249071867,1
5,9,0.041381426,0,0,6.485411167144775,0.92515337,0.5807126029430122,0.088350605,0,10.13995647,1.282056785,0.7945744166077586,0.15800067821354805,0,8.646807193756104,0.462598496,0.7172554980146991,0.003720448,0
5,10,0.023439856,0,0,6.476857900619507,0.926375118,0.5546408544243864,0.15368871994193328,1,5.706028699874878,0.701012948,0.6161675983298159,0.532787366,1,8.178430795669556,0.733637069,0.519278099,0.5178010434738702,0
5,11,0.059132468,0,0,9.003973960876465,1.332744858,0.5742353345800103,0.018597343876792218,1,10.166454076766968,0.688538988,0.6718979841343092,0.04810035,0,7.001969099,1.142535748,0.781527299,0.047793698492739616,1
5,12,0.054125864,0,0,10.145583152770996,1.084215647,0.6921938240724008,0.11170378113526619,0,8.712615728378296,0.573880469,0.7429835312170815,0.041513365,1,6.841869354248047,0.292317771,0.6607214733187703,6.560451197763186,0
5,13,0.22747625,0,0,8.020040989,0.872813494,0.49895505590677036,0.092632943,0,10.158596992492676,0.885949114,0.7431981016294741,0.13239721991132328,0,7.133898973464966,0.280351601,0.7256648880575483,0.7277100529891525,1
5,14,0.34957615,0,0,7.649034261703491,0.78441275,0.44325726411841077,0.12766317505973393,1,2.907896041870117,1.719456242,0.8065212670052515,0.033333379,0,9.338711261749268,0.642486938,0.5794172074013951,0.5177138327220393,1
5,15,0.1153777,0,0,3.894876956939697,1.026990081,0.5242758686791323,0.3700142561422356,1,9.073002338409424,1.102170993,0.5709422092904586,0.097953243,1,8.865880489349365,0.451167823,0.7020994708269507,0.002189292,1
5,16,0.3055671,0,0,7.262866497039795,1.101493467,0.568355484,0.090344494,1,4.752865791320801,1.051996883,0.4257810106229609,0.2057011586100878,1,9.140558004379272,1.094025113,0.3100521870411234,0.048037549,0
5,17,0.04618831,0,0,8.187436104,0.977106862,0.6277215400292011,0.011021765403253976,0,5.804460048675537,0.861406566,0.7492100838881286,0.22387956659125147,1,7.725258588790893,0.25889101,0.5649416067865747,0.00073525,1
5,18,0.09883378,0,0,10.12321925163269,0.987828057,0.4866762121359674,0.019951163258865787,0,8.691055059432983,0.805425803,0.7740061424076667,0.1286207476958004,1,8.486662388,0.47132781,0.6473781740005395,0.6189559287191904,1
5,19,0.33454174,0,0,10.00248908996582,0.899776038,0.6599047437715909,0.074774388,0,6.854078769683838,1.75078233,0.8267792347324544,0.2358026591592354,0,6.901781082,0.579560544,0.7420838098243384,6.443357079953974,1
9,0,0.0793014,0,0,9.477559566497805,1.160636335,0.8310768130524887,4.375763582283682,1,4.764076471328735,0.839617085,0.49565325288042267,0.19688810740586107,1,5.928498983383179,0.50603028,0.7147762042075139,0.8566451667191813,1
9,1,0.06621779,0,0,3.007188558578491,1.330146056,0.6183915520355514,0.11820342923877313,1,5.0506134033203125,0.791983009,0.5663371498782968,0.044810399,1,7.674600124359131,0.912099639,0.6006970950025472,0.023222056799537052,1
9,2,0.21175301,0,0,7.029313564300537,0.995829811,0.8721676652936862,0.12196069959492685,1,2.584954023361206,1.160562228,0.9322835061039434,0.4567470018156588,1,6.470062494277954,0.463674038,0.647477517,0.6999638726819263,1
9,3,0.14134416,0,0,3.902959108352661,1.281079269,0.5511203013655079,0.062145155319796336,1,2.7006642818450928,1.110837811,0.6707720067818181,0.1797150439117384,1,6.573516845703125,0.456376711,0.6716769886841677,0.066443885,1
9,4,0.3240895,0,0,5.692277669906616,1.58108942,0.9264411024573169,0.13349313650229203,1,2.6106460094451904,0.766093907,0.991375311,1.0224250972092634,1,8.805040359,0.681427882,0.4598014131323883,5.115866385712337,1
9,5,0.11774723,0,0,8.630698204040527,0.926923849,0.5377861547550534,0.088058924,1,2.4828450679779053,0.402763754,0.8991378595378344,0,1,7.354083776473999,0.815873219,0.8863524265031152,0.747817154,1
9,6,0.13811159,0,0,2.9624509811401367,1.350233312,0.7206904058802219,0.18546804774168663,1,8.859603643417358,1.015846799,0.6039875163023641,0.041969146,1,6.537580728530884,0.764808911,0.3369946913884086,0.032154096,1
9,7,0.07109228,0,0,10.04990530014038,0.995034252,0.9028552736576974,0.027341551,0,4.079280376434326,0.980565107,0.9952270070621535,0.3689082046715422,1,6.615708351135254,0.453466181,0.6625594369291847,0.058639223,1
9,8,0.2775227,0,0,3.1258795261383057,1.919459771,0.6468483455917229,0.2742971994973123,1,4.406552076339722,0.226934797,0.8222505798745486,0.9799861490782111,1,6.218582391738892,0.321616708,0.34874346971302284,0.8244965937573384,1
9,9,0.029104432,0,0,8.063575506210327,1.240144647,0.7261480959057783,0.068229038,1,10.050260305404665,0.696499373,0.7047598554390521,0.4425756015107375,0,8.111389875411987,0.493133737,0.7079156702153403,0.7099029991729263,1
9,10,0.0679604,0,0,5.809328794,1.032821555,0.7294181737544558,0.002773126,1,7.943244934082031,1.258931341,0.7676233139774471,0.022344772378892423,1,7.292202711105347,0.548531103,0.9049899271122284,0.8871777508526103,0
9,11,0.08765785,0,0,3.565172910690308,1.121965217,0.48541544641571077,0.28576454088266584,1,9.985296726226808,0.200294498,0.8325961889685376,0.8342095611535153,1,5.990160703659058,0.166940429,0.515819216,0.9179686943398102,1
9,12,0.21163407,0,0,10.047498941421509,0.895745305,0.9916149340336342,0.017677035948922618,0,5.130721331,0.974521842,0.9678112842231261,0.3215259402499741,1,7.037204981,0.426305615,0.5654929777982823,0.7355221304621096,1
9,13,0.0991069,0,0,5.515188932418823,1.269222158,0.6686969467715493,0.3665966886656318,1,3.119127035140991,1.60301262,0.5907197684688907,0.062148799,1,9.003866910934448,0.333190176,0.6937385971775898,0.6359023358114283,1
9,14,0.12947899,0,0,4.122852087020874,1.45530324,0.45904387546531883,0.023774804,1,5.264149427,0.949821062,0.9556643612348203,0.2765973914846221,1,10.133482694625854,0.789462048,0.7629124391869078,0.5267093417764499,1
9,15,0.20876391,0,0,10.051590204238892,0.994867458,0.849560102,0.033797637,0,10.042012929916382,0.398326514,0.7941007500821968,0.025745834208158996,0,8.390377044677734,0.834289087,0.5705762654653826,0.038583487,1
9,16,0.47389492,0,0,5.440430641174316,1.102853872,0.6896641548119686,0.044516697,1,7.614398956298828,0.393990388,0.7541212422579874,0.017025637971327664,1,11.113847255706789,0.449889213,0.8834132568268358,0.7552992052952121,1
9,17,0.4049126,0,0,10.05632209777832,0.795519467,0.7156343969519388,0.16564405791948997,0,6.7136194705963135,0.446852851,0.8814872552620078,0.8552301817435748,1,10.168141603469849,1.081810269,0.6744988678841806,0.004778651,1
9,18,0.26707107,0,0,10.04267168045044,0.995750963,0.789186409,0.064410151,0,9.103144884109495,0.439408584,0.8206998894479334,0.44241303981096175,1,9.149780750274658,0.437168945,0.781535667,0.6434263465644908,1
9,19,0.26617625,0,0,7.433912515640259,1.076149334,0.8180645100728071,0.23713219604007293,1,10.006943464279177,0.299791841,0.9730543631795529,0.2586334188113364,0,6.294730902,0.158863026,0.7837269101781714,7.248746723635969,1
13,0,0.91918427,1,1,10.043704748153688,0.896083689,0.4251678147751532,0.1415443838349021,0,6.6945741176605225,0.7468735,0.21213896135215676,0.097042768,0,9.030109882354736,0.885924989,0.17803437842957687,0.016384075,0
13,1,0.60995233,1,1,10.038454532623293,1.095786205,0.46476576497270655,0.06274671,0,4.207951545715332,1.901162576,0.2704261177020112,0.11458544490463843,1,7.420745611190796,0.539029393,0.040696719146471376,0.4160821784979498,0
13,2,0.45815554,1,0,10.036009311676024,0.89677079,0.38725153388862044,0.18750879373915297,0,5.523710728,1.448301766,0.43663944744962024,0.042518519085265424,0,6.651998519897461,0.601323044,0.0985809,0.5054931972615251,0
13,3,0.59478366,1,1,10.045828580856323,0.895894244,0.510818989,0.012005978306509617,0,4.491032600402832,0.890663764,0.15650520994127534,0.046100756,0,6.837510824203491,1.316268483,0.32620935561757003,0.23605227713526117,0
13,4,0.84769607,1,1,8.646381616592407,1.040897846,0.6090270165599115,0.066609366,1,3.861337184906006,0.776932927,0.084916179,0.17191453846895513,1,6.268524885177612,0.319054329,0.001011402,0.002140855,0
13,5,0.50226235,1,1,10.035543203353882,1.096104095,0.913793087,0.019315347068393055,0,4.643166303634644,1.938332468,0.1847661582423058,0.079344563,0,6.133009433746338,0.978312534,0.1998350097543764,0.059034639339166674,0
13,6,0.96245563,1,1,10.04011297225952,0.498002364,0.4168090549916609,4.181517689693129,0,4.566780329,1.313835912,0.41228608876067907,0.063136385,0,6.222916603088379,2.892534345,0.3162536356382376,0.010867894315399071,0
13,7,0.5399174,1,1,10.02953314781189,0.997055382,0.45546686298229483,0.058786385,0,10.032400131225586,1.196124541,0.4146485333142738,0.023337386561005546,0,6.997132301330566,0.571662765,0.13684463273821654,0.13506390322482278,0
13,8,0.67717606,1,1,10.05035400390625,1.193987793,0.3361991029018383,0.11468153256735525,0,3.1615803241729736,1.26519006,0.3070299978094754,0.04038803,0,6.741340398788452,0.890030713,0.17586265191961845,0.10042513209195245,0
13,9,0.5096173,1,1,5.055900335,0.197788709,0.001255958,0.002606855,1,2.9690170288085938,0.67362362,0.13987457666118827,0.1420941664919519,0,6.213870525360107,0.321860585,0.14128553152723655,0.3999294787148304,1
13,10,0.14912498,1,0,7.231059551239014,1.382923198,0.7077012661452937,0.17688279164616436,1,9.134686232,0.437891341,0.2581796396922244,0.47333098152962444,1,7.837963342666626,0.510336656,0.12044965748275319,0.6391660410958053,0
13,11,0.3560787,1,0,10.034351825714111,2.391783786,0.37330064413336067,0.026008655519038394,0,4.250987768173218,0.940957777,0.078624079,0.16391013994797407,0,7.857365608215332,0.763614715,0.18214119990713923,0.012770183,0
13,12,0.48352474,1,0,10.04332709312439,1.393960375,0.5056959663769708,0.070617037,0,4.155149936676025,0.481330405,0.00164615,0.00335006,0,7.6131837368011475,0.788106554,0.071190979,0.4152822405580578,0
13,13,0.7442265,1,1,9.828104257583618,0.813992179,0.5444661411558829,0.2167132077734794,1,3.228722572,0.619440028,0,0.002118485,0,6.906661987304688,1.158301943,0.17759085390823165,0.0009889,1
13,14,0.8389471,1,1,4.760312319,1.260421501,0.34320857342716504,0.077442398,0,3.5281524658203125,0.566868926,0.032314363,0.20890820540054403,0,6.992030620574951,1.430199686,0.12077893330494882,0.24239310323055935,0
13,15,0.67442346,1,1,6.378123283386231,1.567859315,0.6406555374411737,0.099789542,0,3.8177878856658936,0.523863572,0.049049346,0.19114210161348066,0,7.468852519989014,0.267778751,0,0.2627766440373303,0
13,16,0.10855415,1,0,4.439723491668701,0.900957009,0.434531566,0.1554015697771974,1,3.502092838287353,1.142174175,0.13189827378404123,0.41723051543303513,0,6.381894588470459,0.313386561,0.1092935632734232,6.995115538359069,0
13,17,0.91026044,1,1,5.398267984390259,1.111467607,0.24304276923952778,0.14137497474870425,0,3.569779634475708,0.840388009,0.3347041336770456,0.10327248114896921,0,7.138942718505859,1.120614118,0.21291948401338745,0.239148858,1
13,18,0.09925346,1,0,3.5335001945495605,1.132022012,0.3413187869181941,0.089061832,0,3.182725429534912,1.256784504,0.24424035852284504,0.14528428865637438,0,6.907759189605713,0.289529491,0.17986151020467464,0.6439497784910093,0
13,19,0.6429219,1,1,4.948697805404663,1.616586891,0.4199347144839313,0.10705442539511634,0,3.109977960586548,0.643091374,0.092630882,0.2649439997453363,0,7.069732904434204,0.848688357,0.078838905,0.037019786,0
2,0,0.984586,1,1,10.058327674865724,1.193041268,0.8690649462328491,0.085296485,0,2.925588130950928,0.683623227,0.093779434,0,1,6.762221097946167,2.366086493,0.21901531738947372,0.043595144,1
2,1,0.9916217,1,1,9.075593472,0.991670686,0.6819664211915472,0.10110523382036107,1,3.3901612758636475,1.769827307,0.22893306154775067,0.023709786484699222,1,6.113878965377808,2.780558807,0.49311247688147014,0.076730338,0
2,2,0.9534674,1,1,6.558546066,0.914836907,0.5850961419237045,0.051023504,1,2.6347649097442627,2.27724302,0.08902502,0.038177979,1,7.548659801483154,0.39742154,0.039942189464014524,0.006218322,1
2,3,0.99728775,1,1,3.874252796173096,1.290571437,0.6880629995649867,0.4530344539603278,1,2.5902435779571533,0,0,0,1,7.736840486526489,0.258503455,0,0.000836259,1
2,4,0.9943796,1,1,4.32578969,0.693514991,0.5327767101852954,0.274079436,1,3.240623235702514,1.542913087,0.14372543986616546,0.00416278,1,7.217258930206299,0.969897307,0.026045899,0.004616711,0
2,5,0.9856106,1,1,3.4125843048095703,1.172132215,0.4968932189025628,0.025411826,1,2.599054336547852,3.078042612,0.352751378,0.20146558408938467,1,6.938456296920776,1.152994219,0.059772661560692886,0.051240504340786495,0
2,6,0.99741423,1,1,5.129930734634399,0.779737624,0.6985649875990437,0.03533381,0,6.009147644042969,0.832064761,0.12141655408891312,0.10817174722696861,1,7.131149530410767,0.140229846,0.062026465,0.07890453,0
2,7,0.09806338,1,0,6.064704179763794,0.989331025,0.6572637150709726,0.1767439875446104,0,2.587850809,0,0,0,1,10.745761394500732,0.930599483,0.1140412442661505,0.007503424,0
2,8,0.40847436,1,0,7.802899122238159,1.025259955,0.7588781947876669,0.002625947,0,2.567322254180908,0,0,0,1,6.266752481460571,0,0,0.05340246,0
2,9,0.9947252,1,1,2.923947811126709,0.684006737,0.44454965819674674,0.12372655853878252,1,5.797281503677368,0.68997857,0.18713943755703716,0.046166466,0,6.452615261077881,0.619903688,0.008295861,0.001021291,0
2,10,0.7485627,1,1,9.365485906600952,0.640650155,0.6451496548349315,0.14375442058498974,1,7.013006687164307,2.424067274,0.3037570182110847,0.001000997,1,7.443465709686279,0,0,0,0
2,11,0.28639984,1,0,10.076757669448853,0.694667891,0.4320268624884381,0.009271832,0,3.494807720184326,1.1445551,0.07420723,0.019156990990081054,0,7.240569591522217,0,0,0,0
2,12,0.99908495,1,1,10.051676511764526,1.392802483,0.6262825900314483,0.076035077,0,4.929238796234131,2.840195125,0.3261132329908772,0.002649496,0,6.969927549362183,0.573894057,0.024037552586934213,0.001899589,0
2,13,0.97549444,1,1,3.420682430267334,1.461696636,0.5424794723894085,0.1234782849954895,1,3.2019588947296143,1.249235275,0.075388226,0.002114331,0,6.482086420059204,0.308542631,0.036165825,0.037239552879632445,0
2,14,0.12670825,1,0,6.577969551086426,0.608090379,0.6344374153107001,0.48065135836081335,0,2.5258891582489014,3.563101718,0.13521971020280246,0.0655294,0,6.461364269256592,0.464298231,0.047674142,0.037303268,0
2,15,0.9983881,1,1,8.509778738,0.822583079,0.6666283783168109,0.30384338766084473,0,2.509129524230957,0.797089182,0,0.002116272,0,6.204766273498535,1.611664253,0.1478186219416469,0.058272944,0
2,16,0.9543666,1,1,3.68706727,1.356091341,0.4413182295611813,0.33255970398585677,0,2.5749542713165283,1.553425645,0.00516514,0.002652474,1,6.663130044937134,1.951035011,0.22110629539478566,0.053312782073868796,0
2,17,0.99932563,1,1,2.543654203414917,0.786270397,0.34490537228754453,0.3475904856922185,1,2.525057554244995,0,0,0,1,9.162428855895996,1.527979122,0.23889953574598663,0.049001199033456386,0
2,18,0.99335533,1,1,8.855997323989868,1.58084962,0.5217334458206273,0.17326563501335074,1,2.7893223762512207,0.717020025,0.076653026,0.079148255,0,6.402414321899414,0.937146473,0.085948827,0.004174988,0
2,19,0.98424643,1,1,5.717074155807495,0.174914646,0.5905398299906246,0.040994745,0,2.783919573,0,0,0,0,6.756968021392822,0.887972236,0.002060096,0.003955916,0
6,0,0.6545546,0,1,3.0025548934936523,1.665248489,0.7703406205839445,0.043033351,1,3.017720937728882,1.656879514,0.3484848406139241,0.246550299,1,5.910064697265625,0.507608656,0.7498259709514059,0.6648522818732588,1
6,1,0.1421313,0,0,2.619814157485962,1.526825858,0.611253281,0.2531286420117545,1,3.068573236465454,0.977653055,0.6539586463695773,0.2741697639773283,1,6.729691028594971,0.297190464,0.5864741758939784,0.684985385,1
6,2,0.93102014,0,1,3.914348602294922,1.532822089,0.8925418645519362,0.10749681307221344,1,2.299973249435425,1.304362997,0.5203408345180677,0.4147787371984903,1,5.673709869384766,0.705006088,0.4732000863271673,0.6470863129299267,1
6,3,0.6445466,0,1,2.465242862701416,2.028197739,0.820069305,0.026317893862296465,1,2.3637852668762207,1.269150816,0.5541154767269312,0.10266583999673087,1,5.900521278381348,0.677906207,0.6305307318596742,0.3371735997775791,1
6,4,0.021019394,0,0,2.3521440029144287,2.55086423,0.8527284033239557,0.13760637086713334,1,2.3403615951538086,1.7091376,0.9951880960726438,0.4284850691798787,1,7.819230079650879,0.511559317,0.5939574552337393,0.6122380274300512,1
6,5,0.30063483,0,0,3.677158117294312,1.903644004,0.9457140240005218,0.035222853048683306,1,2.3535311222076416,1.699573871,0.7216263188417738,0.5779528416497934,1,8.037434577941895,0.746506854,0.4427221105778104,0.3040883227481714,1
6,6,0.32025585,0,0,2.677428960800171,2.987941087,0.9968294356504674,0.091117263,1,2.451999903,0.815660718,0.6926957860606457,0.21108483707928402,1,6.136397838592529,0.325924109,0.5908368550056261,0.015833393231735226,1
6,7,0.5271426,0,1,4.059073925018311,1.724531292,0.6617839560485331,0.03193832,0,2.318573236465454,0.862599451,0.9976437076080658,0.6765367491216048,1,6.379800319671631,1.097213024,0.5744192320120851,0.1267610206417392,1
6,8,0.9115422,0,1,3.098096848,1.936672833,0.653046079,0.15656385964467678,1,2.3240742683410645,0.860557697,0.6612267176416012,0.598621145,1,7.210943222045898,0.416034339,0.542880436,5.741515184,0
6,9,0.848227,0,1,2.5597925186157227,1.953283309,0.49280947218020915,0.038362484,1,2.5159146785736084,1.987348793,0.9513160443713423,0.4237703325495823,0,8.502056121826172,1.176186073,0.7019796052229642,0.034243481,0
6,10,0.7820943,0,1,3.2212367057800293,2.483518205,0.9941864856568362,0.060101141,1,2.3125486373901367,1.297270013,0.601604644,0.28662748505586727,0,7.516673088,0.798225482,0.6153972569724859,0.5659458579795749,1
6,11,0.6961535,0,1,4.092119216918945,1.954977257,0.8142993454908832,0.1935549670031385,0,2.566749095916748,1.55839151,0.7625949895569485,0.3087017742722875,0,5.995093346,0.333606148,0.5205290093271077,0.035043658,1
6,12,0.014432746,0,0,4.839789867401123,2.272825949,0.7988012095410809,0.1637054545152036,0,3.377434730529785,1.480413509,0.7038803677008025,0.3685844729262078,1,6.5835559368133545,0.455680795,0.7837755233681073,0.7837937505972169,1
6,13,0.004033778,0,0,2.800675868988037,2.142340021,0.7969290644186052,0.15586594823057653,1,4.2668657302856445,1.406184394,0.363730686,0.1706217270541643,0,6.853366851806641,0.145913683,0.7811868408279973,0.7906624754197747,1
6,14,0.56473684,0,1,2.3402674198150635,1.709206378,0.7395864187765346,0.034478966,1,2.5066230297088623,1.994715576,0.5613528573323593,0.1807730937637219,1,5.973721981048584,0.66959929,0.8096158501099109,0.7258556748635852,1
6,15,0.023109263,0,0,3.093517780303955,1.616282936,0.7320436347334098,0.010454118025944106,0,2.878547430038452,1.389589749,0.6519642443363534,0.34846047334501845,1,6.324503183364868,0.316230373,0.7722978166660102,0.7748640261433098,1
6,16,0.45171186,0,0,4.294621229171753,1.862795244,0.8136223926458654,0.21097786082802303,0,2.372272253036499,1.686147108,0.756987314,0.23866147710525978,1,8.296246767044067,0.723218603,0.7253520982405379,0.5868786376212438,0
6,17,0.26609525,0,0,3.836709738,1.824479952,0.7883160850567338,0.240356989,1,2.605135202407837,1.535428947,0.7634958823449381,0.6330458390280127,1,8.058096647262573,0.868691492,0.7205969665301701,0.030146076753907815,1
6,18,0.678021,0,1,4.481335639953613,2.677773094,0.905966508,0.093909502,0,3.374927997589112,1.481513088,0.7236154376513194,0.23966140923928358,1,8.054310321807861,0.74494274,0.4880206799814966,0.634622928,1
6,19,0.06007712,0,0,3.0208992958068848,1.324109018,0.8244333081385505,0.016021719117500857,1,3.632819652557373,1.651609651,0.46720183282992506,0.066733288,0,6.402404546737671,0.312382635,0.8210540214431482,0.9043539747801296,0
10,0,0.34795874,1,0,9.123799562454224,1.753655359,0.7370744999355177,0.053600476055864495,1,2.721956253051758,0,0.23326972991059347,0,1,6.7183897495269775,1.190761521,0.5124278477990523,0.003008161,1
10,1,0.14386742,1,0,8.665473699569702,3.115813507,0.6284838185199608,0.074238296,1,3.065346002578736,0,0.43707300867606513,0,1,6.369494438171387,1.255986653,0.2149338559398682,0.057197632176127514,0
10,2,0.8948572,1,1,2.8804497718811035,2.083008028,0.5325904360474562,0.19766704685155956,1,2.6730899810791016,0.374098892,0.33340815547428077,0.343456452,1,6.246047496795654,2.081316225,0.39576708330206384,0.10729345243107184,1
10,3,0.57324517,1,1,5.585906028747559,1.790219876,0.5155367786682277,0.039624726746051664,1,2.4967994689941406,0.400512741,0.2709749054388838,0.34859026958678174,1,6.456418991088867,2.013500056,0.6650946919525379,0.016552519304618356,1
10,4,0.69528335,1,1,6.270604133605957,1.275794139,0.545869254,0.17731465363339313,1,2.4862265586853027,0,0.2991360531486915,0,1,7.359784126281738,1.630482606,0.6006426172509963,0.040013401880715734,0
10,5,0.80170846,1,1,4.406391143798828,4.311918615,0.40452604905710643,0.2949057306968471,1,2.5006237030029297,1.199700697,0.15792060178412778,0.11517926494152685,1,7.2493109703063965,2.069162167,0.5054521753902246,0.009245017,0
10,6,0.8929601,1,1,6.619053125,1.812948132,0.17606294706455936,0.003089566,1,3.2225143909454346,0.930950071,0.4761188978207519,0.42855976187039235,1,6.953875780105591,1.869461062,0.37876000137191196,0.16090163749896275,1
10,7,0.9992693,1,1,5.825331211090088,1.888304648,0.4748622695894268,0.003457314,1,2.402097225189209,0,0.6885066860110057,0,1,11.945074796676636,2.595211878,0.4330018930810916,0.031153426,0
10,8,0.9655985,1,1,8.815448999404907,1.701558253,0.526651564,0.053959815,1,3.743565797805786,0,0.5601397473072157,0,1,9.487908124923706,1.264767728,0.38562873415809573,0.03740129,1
10,9,0.994299,1,1,3.003347873687744,3.995541144,0.9993214659836027,0.013564862,1,9.421934604644775,1.485894414,0.4627987969557489,0.17915535087387202,1,13.05802607536316,1.914531328,0.43141436289500745,0.084597013,0
10,10,0.88521177,1,1,6.256340742111206,1.278702732,0.4261356773750877,0.15951656745388693,1,4.269146919250488,0.46847767,0.4788122870141953,0.2323087068126836,1,7.330273866653442,1.637046612,0.559122357,0.058169723,1
10,11,0.9619223,1,1,7.065529584884644,2.547579737,0.6313666861622467,0.036976705,1,10.042486190795898,0.995769355,0.2643867215366684,0.2047819594582619,0,8.234239578,1.94310596,0.3177901219825203,0.082181238,0
10,12,0.9874006,1,1,10.033504962921144,2.292319592,0.46740496140177795,0.03336521,0,5.3442933559417725,0.561346431,0.4398860323412058,0.088977152,1,7.106721401,0.703559309,0.5085594039714662,0.49358344051705566,1
10,13,0.94410866,1,1,5.605817079544067,2.675791912,0.6093473888879866,0.002520596,1,5.458020210266113,0.366433235,0.4357550738818841,0.4875412507644376,0,8.375063180923462,1.910433349,0.7336338684585128,0.158341492,0
10,14,0.95746243,1,1,3.6520960330963135,1.369076814,0.6053783854448793,0.022025708,1,8.387013197,0.715391744,0.23763167568644702,0.3793531648613708,0,6.753063678741455,1.332728437,0.4475524212111524,0.030729756132696222,1
10,15,0.7695559,1,1,8.361844062805176,1.674271835,0.40693176941326453,0.001616868,1,5.5166425704956055,0,0.32501289998680793,0,1,6.002945899963379,2.332188268,0.8104537473914355,0.10934131523916027,1
10,16,0.5122256,1,1,10.036818742752075,3.786060202,0.5450262817491967,0.1367863697826549,0,3.202777624130249,0.624457966,0.8163601432420998,0.22153583022658066,1,10.58224868774414,2.267948969,0.37725441139956795,0.023417518082688434,0
10,17,0.9280768,1,1,10.042367219924929,2.29029665,0.350292906,0.010819162,0,2.972043276,0,0.28847493808924346,0,1,7.783390998840332,1.670223172,0.5885378237655366,0.005098035,0
10,18,0.9206667,1,1,10.039907693862917,2.490062734,0.4722951788636058,0.045333086,0,2.928412675857544,0.341481926,0.33179066872506213,0,0,12.592395305633543,2.144151239,0.2691545109367343,0.025553518,1
10,19,0.5104117,1,1,8.039577007293701,2.238923762,0.7715704438624889,0.028367164,1,4.303435564041138,1.85897985,0.5108546339950362,0.010071023339108793,0,6.276880264282227,1.593148121,0.5430548069203621,0.073589105,1
14,0,0.99705476,1,1,7.314968109130859,1.093647967,0.6967959291074611,0.16748261669764639,1,4.274985313415527,1.403513594,0.5358685076235674,0.10653603851255203,1,6.298464298248291,0.317537721,0.9996690783442963,1.0273647183786323,0
14,1,0.99501246,1,1,3.844332218170166,1.560739202,0.39543148553370355,0.045469535432388956,1,2.960486412,1.351129322,0.5724971386826809,0.21958553748992765,0,7.159298419952393,0.558713964,0.8572166768315614,0.665432522,0
14,2,0.99627006,1,1,3.8790009021759033,1.54679005,0.33334098975728743,0.02078628,1,3.177060127258301,2.203294782,0.7764221957398708,0.13929859123496657,1,7.408982515335083,0.944799098,0.887775074,0.7603176263872704,0
14,3,0.9832363,1,1,5.605490922927856,1.605568562,0.7683555391021848,0.10274390021134318,1,2.511738538742065,0.796261223,0.050837298,0,1,6.833582162857056,2.195042021,0.9831242004391658,0.5772521506265894,1
14,4,0.99914694,1,1,2.725184679031372,0.733895216,0.5211646795541423,0.5014962877684253,1,2.626195192337036,2.284674048,0.9971954893766979,0.005205249,1,6.223600625991821,0.321357381,0.8944822032371487,0.059312932,0
14,5,0.9950664,1,1,6.664270639419556,0.75026965,0.400016768,0.1749643829122506,1,2.5190460681915283,1.190927009,0.47567212650749124,0.2524685864313766,1,8.160572528839111,0.245080844,0.9981542313590278,0.8109627083922533,0
14,6,0.999034,1,1,5.250691652297974,2.475864298,0.6365713740809175,0.20031456228007435,1,3.116513967514038,1.604356679,0.6594451433331023,0.1373842711582075,1,6.763783216,0.591385009,0.9992602931950126,0.7247925965543288,0
14,7,0.9990129,1,1,6.123508930206299,0.979830367,0.6477838189213259,0.26584920811620066,1,8.240069389343262,2.184447624,0.9290892634830539,0.09265456,1,9.315896749,1.502807553,0.6601103646129072,0.30916293701523545,0
14,8,0.98586166,1,1,5.991420269012451,1.168337337,0.5433102426182495,0.25154469764050386,1,3.260197639465332,2.147109094,0.5262748427341486,0.3122694120375818,1,7.721624851226807,0.777038527,0.6151555004961583,0.093668109,1
14,9,0.9931229,1,1,8.858679771,0.790185466,0.41670430529523206,0.001540862,1,2.599395751953125,1.154114374,0.25802919755125925,0.001596525,0,5.8593385219573975,0.682670917,0.999192994,0.9102768136715472,0
14,10,0.99238753,1,1,5.697816371917725,1.053034989,0.7476723927049144,0.054357666,1,2.423976898,1.650180743,0.6577166643896432,0.3428250494569274,0,6.052677631378174,1.652161342,0.7846527254933439,0.8277757886915914,0
14,11,0.99795616,1,1,2.6711320877075195,1.1231193,0.4933863084078085,0.4313601731982913,1,5.022741794586182,1.99094447,0.6575333025462461,0.082679942,0,6.089648008346558,0.985278622,0.8462443137826322,0.014291466,1
14,12,0.6594442,1,1,7.000755786895752,1.428417203,0.4736902844432367,0.07272072,1,7.170814752578735,2.091812509,0.6053119693864901,0.062612132,1,5.790508270263672,0.690785647,0.3701626696578124,0.02666778,0
14,13,0.9788504,1,1,2.9385979175567627,1.361193369,0.7772414137841913,0.38290709772702275,1,4.593648910522461,1.088459327,0.5818315792135812,0.24644460690435338,1,5.889674425125122,0.339577344,0.26568870994364957,0.006051268,1
14,14,0.98075676,1,1,5.058824539,1.779069412,0.6273413864062499,0.2595029714531236,1,3.755818128585816,1.597521444,0.5974597073603766,0.18548555232102118,1,5.576208114624023,0.538000006,0.8348899295546021,0.10087500115442277,0
14,15,0.9756986,1,1,6.249996185302734,1.600000977,0.7373348500391164,0.20363852429347418,1,2.505805015563965,1.596293397,0.4681729,0.2861515543165089,1,5.820481538772583,0.515421272,0.5616253531972263,0.4132218243429316,1
14,16,0.9814372,1,1,7.323669434,1.638522889,0.6065033437502511,0.22498694335366906,1,6.038720131,1.324784031,0.5412769476138487,0.001061483,1,5.508684158325195,0.181531555,0.5960044006232333,0.8596807992380535,0
14,17,0.9737109,1,1,6.056360960006714,1.155809577,0.6736173796354968,0.089547173,1,2.5406413078308105,1.968007048,0.6908688741607735,0.0603942,1,5.3966028690338135,0.741207033,0.5001683587799072,0.31032114844060604,0
14,18,0.9319351,1,1,8.859409332,1.241617763,0.6804550702962441,0.14063578657239453,0,2.508207321166992,1.993455628,0.6007637356254074,0.066744881,0,5.485390186309815,0.546907312,0.19823567021782926,0.2930584599085162,0
14,19,0.977765,1,1,2.200319290161133,0.90895899,0.5328953871570633,0.43231907489444754,1,2.716324806213379,0.736288972,0.14068273393793418,0.1431088061033223,0,5.438084840774536,1.654994408,0.5100030766704472,0.1662680937290221,1
